{
  "Total" : {
    "transaction" : "Total",
    "sampleCount" : 950,
    "errorCount" : 270,
    "errorPct" : 28.421053,
    "meanResTime" : 2263.047368421052,
    "medianResTime" : 2328.5,
    "minResTime" : 25.0,
    "maxResTime" : 9193.0,
    "pct1ResTime" : 4843.2,
    "pct2ResTime" : 5539.549999999998,
    "pct3ResTime" : 7253.9,
    "throughput" : 65.54436318476611,
    "receivedKBytesPerSec" : 2423.438753212536,
    "sentKBytesPerSec" : 42.17942823323444
  },
  "Login-page" : {
    "transaction" : "Login-page",
    "sampleCount" : 300,
    "errorCount" : 81,
    "errorPct" : 27.0,
    "meanResTime" : 1536.9366666666676,
    "medianResTime" : 1398.0,
    "minResTime" : 113.0,
    "maxResTime" : 4929.0,
    "pct1ResTime" : 2772.4,
    "pct2ResTime" : 3087.349999999999,
    "pct3ResTime" : 4795.660000000002,
    "throughput" : 30.677983433888944,
    "receivedKBytesPerSec" : 854.1669329686063,
    "sentKBytesPerSec" : 3.954583802024747
  },
  "Home" : {
    "transaction" : "Home",
    "sampleCount" : 300,
    "errorCount" : 157,
    "errorPct" : 52.333332,
    "meanResTime" : 2953.810000000002,
    "medianResTime" : 2715.5,
    "minResTime" : 25.0,
    "maxResTime" : 9193.0,
    "pct1ResTime" : 5811.3,
    "pct2ResTime" : 6700.649999999999,
    "pct3ResTime" : 7913.820000000003,
    "throughput" : 22.60397830018083,
    "receivedKBytesPerSec" : 1069.2058468957202,
    "sentKBytesPerSec" : 23.72976237567812
  },
  "Home-0" : {
    "transaction" : "Home-0",
    "sampleCount" : 175,
    "errorCount" : 0,
    "errorPct" : 0.0,
    "meanResTime" : 2467.485714285714,
    "medianResTime" : 2625.0,
    "minResTime" : 929.0,
    "maxResTime" : 5647.0,
    "pct1ResTime" : 3080.2000000000003,
    "pct2ResTime" : 3175.9999999999995,
    "pct3ResTime" : 5273.840000000005,
    "throughput" : 17.212550408183336,
    "receivedKBytesPerSec" : 24.316665590882266,
    "sentKBytesPerSec" : 14.161452954411331
  },
  "Home-1" : {
    "transaction" : "Home-1",
    "sampleCount" : 175,
    "errorCount" : 32,
    "errorPct" : 18.285715,
    "meanResTime" : 2119.205714285715,
    "medianResTime" : 2355.0,
    "minResTime" : 26.0,
    "maxResTime" : 6230.0,
    "pct1ResTime" : 3077.0,
    "pct2ResTime" : 4284.799999999999,
    "pct3ResTime" : 6162.360000000001,
    "throughput" : 14.180374361883155,
    "receivedKBytesPerSec" : 999.4891266915162,
    "sentKBytesPerSec" : 9.217718124544202
  }
}